{"stats":{"minecraft:used":{"minecraft:diorite":1,"minecraft:stone_sword":26,"minecraft:stone_shovel":9,"minecraft:stone_pickaxe":50,"minecraft:wooden_pickaxe":3,"minecraft:stone_hoe":1,"minecraft:rotten_flesh":6,"minecraft:white_wool":1,"minecraft:torch":9,"minecraft:dirt":11,"minecraft:crafting_table":1,"minecraft:carrot":3,"minecraft:wooden_axe":50,"minecraft:black_wool":1,"minecraft:apple":2,"minecraft:iron_axe":19,"minecraft:stone_axe":109,"minecraft:cobblestone":23,"minecraft:oak_sapling":1,"minecraft:egg":1},"minecraft:picked_up":{"minecraft:wooden_axe":1,"minecraft:crafting_table":2,"minecraft:iron_chestplate":2,"minecraft:wheat":4,"minecraft:leather_chestplate":2,"minecraft:lilac":3,"minecraft:potato":4,"minecraft:oak_log":158,"minecraft:map":1,"minecraft:dirt":36,"minecraft:string":1,"minecraft:iron_leggings":4,"minecraft:bone":7,"minecraft:apple":2,"minecraft:diamond_leggings":2,"minecraft:wheat_seeds":23,"minecraft:stone_pickaxe":3,"minecraft:iron_ore":14,"minecraft:poppy":2,"minecraft:stone_hoe":2,"minecraft:birch_sapling":4,"minecraft:oak_planks":290,"minecraft:iron_boots":3,"minecraft:egg":2,"minecraft:stick":78,"minecraft:torch":7,"minecraft:diorite":2,"minecraft:carrot":8,"minecraft:spider_eye":1,"minecraft:stone_sword":4,"minecraft:arrow":11,"minecraft:stone_shovel":2,"minecraft:rotten_flesh":12,"minecraft:stone_axe":3,"minecraft:diamond_boots":2,"minecraft:iron_helmet":2,"minecraft:oak_sapling":28,"minecraft:black_wool":1,"minecraft:coal":9,"minecraft:white_wool":2,"minecraft:cobblestone":117},"minecraft:dropped":{"minecraft:wheat_seeds":3,"minecraft:stone_sword":2,"minecraft:birch_sapling":1,"minecraft:rotten_flesh":2,"minecraft:oak_planks":128,"minecraft:stick":543,"minecraft:leather_chestplate":1,"minecraft:dirt":1,"minecraft:oak_sapling":7,"minecraft:spider_eye":1,"minecraft:arrow":6,"minecraft:string":1,"minecraft:white_wool":1,"minecraft:bone":3},"minecraft:crafted":{"minecraft:oak_planks":612,"minecraft:stone_shovel":1,"minecraft:crafting_table":1,"minecraft:wooden_pickaxe":1,"minecraft:stone_axe":2,"minecraft:iron_axe":1,"minecraft:stick":560,"minecraft:iron_ingot":4,"minecraft:stone_pickaxe":2,"minecraft:wooden_axe":1,"minecraft:stone_sword":1,"minecraft:torch":6,"minecraft:stone_hoe":1},"minecraft:mined":{"minecraft:crafting_table":1,"minecraft:torch":1,"minecraft:grass_block":9,"minecraft:poppy":1,"minecraft:cobblestone":15,"minecraft:tall_grass":4,"minecraft:diorite":1,"minecraft:carrots":1,"minecraft:iron_ore":15,"minecraft:wheat":1,"minecraft:lilac":1,"minecraft:grass":19,"minecraft:potatoes":1,"minecraft:oak_log":158,"minecraft:coal_ore":7,"minecraft:dirt":1,"minecraft:stone":15,"minecraft:oak_leaves":35},"minecraft:killed":{"minecraft:wolf":1,"minecraft:skeleton":2,"minecraft:zombie":1},"minecraft:custom":{"minecraft:mob_kills":4,"minecraft:interact_with_crafting_table":13,"minecraft:play_one_minute":69256,"minecraft:leave_game":1,"minecraft:time_since_death":4812,"minecraft:sleep_in_bed":4,"minecraft:climb_one_cm":952,"minecraft:time_since_rest":4859,"minecraft:sprint_one_cm":400870,"minecraft:damage_taken":4117,"minecraft:walk_one_cm":149692,"minecraft:drop":53,"minecraft:damage_dealt":1048,"minecraft:swim_one_cm":10350,"minecraft:talked_to_villager":11,"minecraft:fly_one_cm":253756,"minecraft:open_chest":4,"minecraft:crouch_one_cm":1231,"minecraft:deaths":15,"minecraft:sneak_time":1180,"minecraft:walk_under_water_one_cm":4847,"minecraft:jump":1400,"minecraft:interact_with_blast_furnace":3,"minecraft:walk_on_water_one_cm":18032,"minecraft:fall_one_cm":41623},"minecraft:killed_by":{"minecraft:skeleton":8,"minecraft:creeper":3,"minecraft:zombie":1}},"DataVersion":2586}