{"stats":{"minecraft:broken":{"minecraft:stone_pickaxe":3,"minecraft:iron_pickaxe":1,"minecraft:wooden_pickaxe":1},"minecraft:used":{"minecraft:water_bucket":13,"minecraft:diorite":10,"minecraft:iron_ore":1,"minecraft:stone_pickaxe":357,"minecraft:wooden_pickaxe":59,"minecraft:shield":44,"minecraft:stone":24,"minecraft:iron_sword":165,"minecraft:blue_bed":1,"minecraft:cooked_chicken":4,"minecraft:torch":149,"minecraft:dirt":9,"minecraft:crafting_table":2,"minecraft:blast_furnace":2,"minecraft:lava_bucket":1,"minecraft:iron_pickaxe":358,"minecraft:stone_axe":13,"minecraft:cobblestone":80,"minecraft:purple_bed":2,"minecraft:sweet_berries":60,"minecraft:furnace":2,"minecraft:cooked_porkchop":3,"minecraft:bucket":14,"minecraft:cooked_beef":11},"minecraft:picked_up":{"minecraft:iron_chestplate":1,"minecraft:water_bucket":1,"minecraft:andesite":2,"minecraft:leather":19,"minecraft:potato":22,"minecraft:oak_log":26,"minecraft:shield":1,"minecraft:gunpowder":1,"minecraft:lapis_lazuli":23,"minecraft:blue_bed":1,"minecraft:dirt":107,"minecraft:string":7,"minecraft:iron_leggings":1,"minecraft:bone":12,"minecraft:diamond_leggings":1,"minecraft:bow":1,"minecraft:wheat_seeds":6,"minecraft:stone_pickaxe":4,"minecraft:beef":50,"minecraft:cooked_chicken":4,"minecraft:iron_ore":191,"minecraft:iron_pickaxe":1,"minecraft:diamond_helmet":1,"minecraft:iron_sword":1,"minecraft:oak_planks":81,"minecraft:iron_boots":2,"minecraft:stick":9,"minecraft:cooked_porkchop":4,"minecraft:sweet_berries":24,"minecraft:torch":316,"minecraft:gravel":1,"minecraft:porkchop":31,"minecraft:blast_furnace":2,"minecraft:diorite":12,"minecraft:redstone":56,"minecraft:gold_ore":29,"minecraft:spider_eye":3,"minecraft:golden_chestplate":1,"minecraft:diamond_chestplate":1,"minecraft:arrow":10,"minecraft:purple_bed":2,"minecraft:rotten_flesh":5,"minecraft:stone_axe":2,"minecraft:diamond_boots":1,"minecraft:iron_helmet":1,"minecraft:emerald":2,"minecraft:oak_sapling":2,"minecraft:coal":213,"minecraft:cobblestone":513,"minecraft:ender_pearl":1},"minecraft:dropped":{"minecraft:iron_ingot":30,"minecraft:wheat_seeds":3,"minecraft:ender_pearl":1,"minecraft:rotten_flesh":1,"minecraft:cobblestone":2,"minecraft:oak_planks":1,"minecraft:emerald":3,"minecraft:dirt":94,"minecraft:diorite":2,"minecraft:oak_sapling":2,"minecraft:spider_eye":3,"minecraft:bow":1,"minecraft:string":2,"minecraft:bone":4},"minecraft:crafted":{"minecraft:cooked_beef":42,"minecraft:oak_planks":104,"minecraft:cooked_porkchop":22,"minecraft:crafting_table":2,"minecraft:wooden_pickaxe":1,"minecraft:iron_helmet":1,"minecraft:iron_sword":1,"minecraft:furnace":2,"minecraft:stone":24,"minecraft:air":0,"minecraft:iron_chestplate":1,"minecraft:shield":1,"minecraft:stick":68,"minecraft:iron_ingot":185,"minecraft:iron_pickaxe":3,"minecraft:stone_pickaxe":2,"minecraft:iron_block":15,"minecraft:gold_ingot":29,"minecraft:iron_leggings":1,"minecraft:torch":228},"minecraft:mined":{"minecraft:torch":25,"minecraft:emerald_ore":2,"minecraft:blast_furnace":2,"minecraft:grass_block":7,"minecraft:tall_grass":3,"minecraft:cobblestone":13,"minecraft:lapis_ore":3,"minecraft:diorite":10,"minecraft:wall_torch":2,"minecraft:blue_bed":1,"minecraft:large_fern":1,"minecraft:purple_bed":2,"minecraft:redstone_ore":13,"minecraft:iron_ore":191,"minecraft:sweet_berry_bush":3,"minecraft:andesite":2,"minecraft:grass_path":1,"minecraft:grass":9,"minecraft:oak_log":26,"minecraft:coal_ore":133,"minecraft:gravel":5,"minecraft:dirt":35,"minecraft:stone":374,"minecraft:gold_ore":29,"minecraft:fern":1,"minecraft:oak_leaves":3},"minecraft:killed":{"minecraft:pig":16,"minecraft:witch":1,"minecraft:spider":1,"minecraft:creeper":1,"minecraft:skeleton":8,"minecraft:zombie":8,"minecraft:cow":20,"minecraft:enderman":1},"minecraft:custom":{"minecraft:interact_with_furnace":42,"minecraft:mob_kills":56,"minecraft:interact_with_crafting_table":20,"minecraft:play_one_minute":157860,"minecraft:leave_game":1,"minecraft:time_since_death":119188,"minecraft:sleep_in_bed":7,"minecraft:climb_one_cm":4799,"minecraft:time_since_rest":13896,"minecraft:sprint_one_cm":529191,"minecraft:damage_taken":1742,"minecraft:walk_one_cm":512735,"minecraft:damage_blocked_by_shield":1650,"minecraft:drop":23,"minecraft:damage_dealt":7927,"minecraft:talked_to_villager":1,"minecraft:swim_one_cm":1866,"minecraft:fly_one_cm":315707,"minecraft:open_chest":60,"minecraft:deaths":2,"minecraft:sneak_time":40,"minecraft:walk_under_water_one_cm":3310,"minecraft:jump":1747,"minecraft:interact_with_blast_furnace":43,"minecraft:walk_on_water_one_cm":7046,"minecraft:fall_one_cm":33546},"minecraft:killed_by":{"minecraft:creeper":1,"minecraft:zombie":1}},"DataVersion":2586}