{"stats":{"minecraft:broken":{"minecraft:iron_axe":4,"minecraft:stone_axe":2,"minecraft:iron_pickaxe":1},"minecraft:used":{"minecraft:flint_and_steel":1,"minecraft:poppy":4,"minecraft:chest":3,"minecraft:shield":65,"minecraft:stone_hoe":108,"minecraft:cooked_chicken":14,"minecraft:rotten_flesh":8,"minecraft:netherrack":51,"minecraft:torch":104,"minecraft:dirt":66,"minecraft:carrot":2,"minecraft:lava_bucket":15,"minecraft:iron_axe":986,"minecraft:birch_sapling":13,"minecraft:light_gray_wool":1,"minecraft:bow":74,"minecraft:oak_sapling":75,"minecraft:furnace":10,"minecraft:egg":4,"minecraft:cooked_beef":6,"minecraft:cooked_mutton":31,"minecraft:water_bucket":84,"minecraft:stone_pickaxe":129,"minecraft:oak_planks":19,"minecraft:wooden_pickaxe":20,"minecraft:sugar_cane":19,"minecraft:white_wool":2,"minecraft:sand":1,"minecraft:crafting_table":11,"minecraft:blast_furnace":1,"minecraft:white_bed":11,"minecraft:oak_log":1,"minecraft:apple":5,"minecraft:sunflower":13,"minecraft:bread":5,"minecraft:iron_pickaxe":505,"minecraft:gravel":2,"minecraft:lilac":1,"minecraft:stone_axe":229,"minecraft:cobblestone":243,"minecraft:cooked_porkchop":21,"minecraft:andesite":1,"minecraft:bucket":101,"minecraft:yellow_bed":1,"minecraft:dandelion":3,"minecraft:gray_wool":1},"minecraft:picked_up":{"minecraft:crafting_table":4,"minecraft:wheat":10,"minecraft:chicken":63,"minecraft:cornflower":1,"minecraft:string":17,"minecraft:iron_leggings":1,"minecraft:gold_nugget":21,"minecraft:beef":46,"minecraft:red_dye":1,"minecraft:poppy":11,"minecraft:light_gray_wool":2,"minecraft:sugar_cane":27,"minecraft:birch_sapling":15,"minecraft:furnace":4,"minecraft:iron_boots":2,"minecraft:egg":15,"minecraft:stick":61,"minecraft:oak_fence":3,"minecraft:torch":18,"minecraft:porkchop":133,"minecraft:diorite":5,"minecraft:carrot":1,"minecraft:iron_horse_armor":2,"minecraft:arrow":233,"minecraft:rotten_flesh":56,"minecraft:hay_block":140,"minecraft:mutton":119,"minecraft:white_wool":42,"minecraft:cobblestone":398,"minecraft:birch_log":191,"minecraft:leather_chestplate":1,"minecraft:feather":53,"minecraft:lilac":1,"minecraft:andesite":2,"minecraft:brown_wool":2,"minecraft:leather":20,"minecraft:yellow_dye":1,"minecraft:birch_planks":15,"minecraft:flint":2,"minecraft:oak_log":395,"minecraft:yellow_bed":1,"minecraft:gunpowder":9,"minecraft:lapis_lazuli":65,"minecraft:dirt":123,"minecraft:name_tag":2,"minecraft:cooked_mutton":1,"minecraft:bone":40,"minecraft:apple":11,"minecraft:bow":6,"minecraft:wheat_seeds":14,"minecraft:stone_pickaxe":3,"minecraft:iron_ingot":70,"minecraft:iron_ore":83,"minecraft:oak_planks":49,"minecraft:cooked_porkchop":2,"minecraft:dandelion":11,"minecraft:gravel":3,"minecraft:sand":1,"minecraft:blast_furnace":3,"minecraft:white_bed":11,"minecraft:spider_eye":10,"minecraft:diamond":7,"minecraft:stone_axe":3,"minecraft:crossbow":1,"minecraft:gray_wool":1,"minecraft:bread":5,"minecraft:emerald":13,"minecraft:oak_sapling":79,"minecraft:black_wool":2,"minecraft:netherrack":55,"minecraft:coal":212,"minecraft:sunflower":13,"minecraft:ender_pearl":2},"minecraft:dropped":{"minecraft:enchanted_book":1,"minecraft:water_bucket":2,"minecraft:iron_ingot":20,"minecraft:bread":10,"minecraft:wheat_seeds":14,"minecraft:cooked_beef":5,"minecraft:cooked_porkchop":12,"minecraft:diamond_leggings":1,"minecraft:crossbow":1,"minecraft:oak_fence":3,"minecraft:feather":26,"minecraft:iron_helmet":2,"minecraft:cobblestone":79,"minecraft:leather":2,"minecraft:flint":1,"minecraft:stick":14,"minecraft:dirt":25,"minecraft:diorite":5,"minecraft:yellow_dye":1,"minecraft:cornflower":1,"minecraft:mutton":1,"minecraft:brown_wool":2,"minecraft:diamond_helmet":1,"minecraft:iron_leggings":3,"minecraft:iron_axe":1,"minecraft:red_dye":1,"minecraft:iron_pickaxe":1,"minecraft:string":8,"minecraft:white_wool":6,"minecraft:dandelion":7,"minecraft:bone":8,"minecraft:gravel":1,"minecraft:stone_axe":3,"minecraft:cooked_chicken":9,"minecraft:wheat":64,"minecraft:birch_sapling":2,"minecraft:light_gray_wool":1,"minecraft:rotten_flesh":46,"minecraft:oak_planks":41,"minecraft:iron_boots":4,"minecraft:cooked_mutton":14,"minecraft:white_bed":1,"minecraft:poppy":6,"minecraft:leather_chestplate":1,"minecraft:hay_block":21,"minecraft:gunpowder":3,"minecraft:diamond_chestplate":1,"minecraft:iron_chestplate":2,"minecraft:andesite":1,"minecraft:oak_sapling":4,"minecraft:spider_eye":5,"minecraft:diamond_boots":1,"minecraft:bow":5,"minecraft:arrow":162,"minecraft:wooden_pickaxe":2,"minecraft:stone_pickaxe":3,"minecraft:netherrack":4,"minecraft:black_wool":2,"minecraft:egg":2},"minecraft:crafted":{"minecraft:oak_planks":1568,"minecraft:cooked_chicken":47,"minecraft:furnace":6,"minecraft:cooked_mutton":72,"minecraft:flint_and_steel":1,"minecraft:diamond_helmet":1,"minecraft:diamond_leggings":2,"minecraft:bow":1,"minecraft:iron_boots":2,"minecraft:iron_axe":6,"minecraft:stone_pickaxe":3,"minecraft:chest":3,"minecraft:diamond_boots":1,"minecraft:stone_hoe":1,"minecraft:wheat":884,"minecraft:cooked_beef":34,"minecraft:red_dye":1,"minecraft:emerald":119,"minecraft:cooked_porkchop":94,"minecraft:crafting_table":8,"minecraft:wooden_pickaxe":2,"minecraft:iron_helmet":2,"minecraft:birch_planks":764,"minecraft:bucket":3,"minecraft:stone_axe":5,"minecraft:bread":297,"minecraft:air":0,"minecraft:iron_chestplate":3,"minecraft:yellow_dye":1,"minecraft:shield":3,"minecraft:stick":4372,"minecraft:iron_ingot":81,"minecraft:iron_pickaxe":3,"minecraft:iron_leggings":3,"minecraft:gold_ingot":2,"minecraft:white_bed":6,"minecraft:torch":92,"minecraft:diamond_chestplate":2},"minecraft:killed":{"minecraft:spider":16,"minecraft:skeleton":30,"minecraft:chicken":57,"minecraft:pig":50,"minecraft:zombie_villager":1,"minecraft:iron_golem":6,"minecraft:creeper":10,"minecraft:sheep":50,"minecraft:pillager":1,"minecraft:zombie":45,"minecraft:cow":21},"minecraft:mined":{"minecraft:nether_gold_ore":6,"minecraft:diamond_ore":7,"minecraft:white_bed":7,"minecraft:oak_sapling":3,"minecraft:grass_block":18,"minecraft:spruce_leaves":2,"minecraft:large_fern":1,"minecraft:hay_block":101,"minecraft:furnace":4,"minecraft:fire":2,"minecraft:iron_ore":83,"minecraft:andesite":1,"minecraft:stone":247,"minecraft:crimson_nylium":3,"minecraft:dandelion":6,"minecraft:crafting_table":3,"minecraft:poppy":2,"minecraft:emerald_ore":10,"minecraft:blast_furnace":1,"minecraft:tall_grass":16,"minecraft:cobblestone":59,"minecraft:lapis_ore":10,"minecraft:sugar_cane":10,"minecraft:oak_planks":19,"minecraft:diorite":5,"minecraft:wall_torch":1,"minecraft:birch_log":192,"minecraft:lilac":1,"minecraft:birch_leaves":11,"minecraft:yellow_bed":1,"minecraft:grass_path":1,"minecraft:grass":78,"minecraft:oak_log":397,"minecraft:coal_ore":124,"minecraft:sunflower":15,"minecraft:sand":1,"minecraft:gravel":3,"minecraft:dirt":43,"minecraft:netherrack":52,"minecraft:oak_leaves":114},"minecraft:custom":{"minecraft:mob_kills":287,"minecraft:fill_cauldron":1,"minecraft:interact_with_crafting_table":38,"minecraft:bell_ring":2,"minecraft:leave_game":5,"minecraft:time_since_death":290473,"minecraft:climb_one_cm":19762,"minecraft:sprint_one_cm":1304865,"minecraft:walk_one_cm":442910,"minecraft:damage_blocked_by_shield":3315,"minecraft:drop":203,"minecraft:talked_to_villager":20,"minecraft:deaths":4,"minecraft:sneak_time":13207,"minecraft:walk_under_water_one_cm":8285,"minecraft:jump":7927,"minecraft:interact_with_blast_furnace":1,"minecraft:walk_on_water_one_cm":56018,"minecraft:interact_with_furnace":160,"minecraft:traded_with_villager":125,"minecraft:play_one_minute":323119,"minecraft:sleep_in_bed":15,"minecraft:time_since_rest":13896,"minecraft:damage_taken":4965,"minecraft:damage_dealt":34222,"minecraft:swim_one_cm":24926,"minecraft:fly_one_cm":1958841,"minecraft:open_chest":50,"minecraft:crouch_one_cm":31281,"minecraft:use_cauldron":2,"minecraft:fall_one_cm":227702},"minecraft:killed_by":{"minecraft:player":1,"minecraft:iron_golem":2}},"DataVersion":2586}