{"stats":{"minecraft:crafted":{"minecraft:oak_planks":12,"minecraft:cooked_porkchop":2,"minecraft:crafting_table":2,"minecraft:wooden_pickaxe":1,"minecraft:birch_planks":28,"minecraft:stone_axe":3,"minecraft:air":0,"minecraft:stick":16,"minecraft:stone_pickaxe":2,"minecraft:white_bed":5,"minecraft:torch":8},"minecraft:killed_by":{"minecraft:player":1},"minecraft:used":{"minecraft:stone_pickaxe":63,"minecraft:oak_planks":4,"minecraft:wooden_pickaxe":13,"minecraft:rotten_flesh":8,"minecraft:torch":3,"minecraft:dirt":1,"minecraft:crafting_table":4,"minecraft:carrot":2,"minecraft:white_bed":3,"minecraft:apple":5,"minecraft:bread":3,"minecraft:birch_sapling":2,"minecraft:stone_axe":90,"minecraft:cobblestone":6,"minecraft:cooked_porkchop":3,"minecraft:yellow_bed":1},"minecraft:dropped":{"minecraft:enchanted_book":1,"minecraft:stone_axe":1,"minecraft:wheat_seeds":4,"minecraft:feather":1,"minecraft:poppy":1,"minecraft:brown_wool":1,"minecraft:oak_sapling":1,"minecraft:wooden_pickaxe":1,"minecraft:stone_pickaxe":1,"minecraft:string":1},"minecraft:broken":{"minecraft:stone_axe":1},"minecraft:mined":{"minecraft:crafting_table":2,"minecraft:blast_furnace":1,"minecraft:grass_block":6,"minecraft:tall_grass":13,"minecraft:sugar_cane":3,"minecraft:birch_log":7,"minecraft:birch_leaves":1,"minecraft:yellow_bed":1,"minecraft:grass":10,"minecraft:coal_ore":41,"minecraft:oak_log":3,"minecraft:dirt":17,"minecraft:stone":21,"minecraft:oak_leaves":2},"minecraft:picked_up":{"minecraft:birch_log":7,"minecraft:crafting_table":3,"minecraft:feather":1,"minecraft:chicken":4,"minecraft:leather":3,"minecraft:brown_wool":1,"minecraft:birch_planks":15,"minecraft:oak_log":3,"minecraft:yellow_bed":1,"minecraft:dirt":23,"minecraft:string":1,"minecraft:bone":2,"minecraft:wheat_seeds":4,"minecraft:beef":6,"minecraft:stone_pickaxe":1,"minecraft:iron_ingot":3,"minecraft:poppy":1,"minecraft:sugar_cane":4,"minecraft:birch_sapling":2,"minecraft:stick":2,"minecraft:porkchop":22,"minecraft:blast_furnace":1,"minecraft:carrot":1,"minecraft:spider_eye":1,"minecraft:rotten_flesh":10,"minecraft:stone_axe":1,"minecraft:oak_sapling":1,"minecraft:mutton":23,"minecraft:coal":41,"minecraft:white_wool":15,"minecraft:cobblestone":21},"minecraft:killed":{"minecraft:pig":10,"minecraft:spider":2,"minecraft:iron_golem":1,"minecraft:sheep":16,"minecraft:skeleton":1,"minecraft:zombie":8,"minecraft:chicken":4,"minecraft:cow":5},"minecraft:custom":{"minecraft:interact_with_furnace":6,"minecraft:mob_kills":47,"minecraft:interact_with_crafting_table":5,"minecraft:play_one_minute":28226,"minecraft:leave_game":1,"minecraft:time_since_death":20804,"minecraft:time_since_rest":20844,"minecraft:sprint_one_cm":145427,"minecraft:damage_taken":1090,"minecraft:walk_one_cm":50309,"minecraft:drop":13,"minecraft:damage_dealt":6342,"minecraft:fly_one_cm":232586,"minecraft:open_chest":2,"minecraft:crouch_one_cm":5102,"minecraft:deaths":2,"minecraft:sneak_time":2308,"minecraft:jump":971,"minecraft:walk_on_water_one_cm":827,"minecraft:fall_one_cm":31130}},"DataVersion":2586}