{"stats":{"minecraft:picked_up":{"minecraft:crafting_table":4,"minecraft:wheat":24,"minecraft:leather":4,"minecraft:potato":33,"minecraft:oak_log":5,"minecraft:dirt":4,"minecraft:bone":2,"minecraft:beetroot":1,"minecraft:wheat_seeds":67,"minecraft:beef":8,"minecraft:sugar_cane":40,"minecraft:sweet_berries":108,"minecraft:torch":1,"minecraft:porkchop":3,"minecraft:spruce_log":13,"minecraft:carrot":28,"minecraft:arrow":2,"minecraft:beetroot_seeds":3,"minecraft:spruce_boat":2,"minecraft:baked_potato":4,"minecraft:black_wool":2,"minecraft:mutton":10,"minecraft:coal":53,"minecraft:white_wool":5,"minecraft:cobblestone":12},"minecraft:used":{"minecraft:beetroot":1,"minecraft:wheat_seeds":51,"minecraft:stone_sword":27,"minecraft:stone_pickaxe":39,"minecraft:baked_potato":4,"minecraft:chest":1,"minecraft:wooden_pickaxe":31,"minecraft:torch":2,"minecraft:dirt":3,"minecraft:crafting_table":5,"minecraft:white_bed":1,"minecraft:spruce_boat":2,"minecraft:wooden_axe":28,"minecraft:sweet_berries":45},"minecraft:dropped":{"minecraft:wheat_seeds":9,"minecraft:filled_map":1,"minecraft:beetroot_seeds":3},"minecraft:crafted":{"minecraft:oak_planks":20,"minecraft:crafting_table":2,"minecraft:spruce_planks":52,"minecraft:wooden_pickaxe":1,"minecraft:bread":8,"minecraft:stick":12,"minecraft:stone_pickaxe":1,"minecraft:wooden_axe":1,"minecraft:stone_sword":1,"minecraft:chest":1,"minecraft:white_bed":1,"minecraft:spruce_boat":1,"minecraft:torch":4},"minecraft:mined":{"minecraft:crafting_table":4,"minecraft:torch":1,"minecraft:grass_block":2,"minecraft:spruce_leaves":1,"minecraft:sugar_cane":18,"minecraft:carrots":12,"minecraft:wheat":25,"minecraft:sweet_berry_bush":53,"minecraft:spruce_log":15,"minecraft:grass_path":1,"minecraft:grass":5,"minecraft:oak_log":6,"minecraft:potatoes":10,"minecraft:coal_ore":53,"minecraft:beetroots":1,"minecraft:dirt":1,"minecraft:stone":12,"minecraft:oak_leaves":7,"minecraft:fern":2},"minecraft:killed":{"minecraft:pig":1,"minecraft:sheep":7,"minecraft:skeleton":1,"minecraft:cow":4},"minecraft:custom":{"minecraft:mob_kills":13,"minecraft:interact_with_crafting_table":8,"minecraft:play_one_minute":47361,"minecraft:bell_ring":1,"minecraft:leave_game":2,"minecraft:time_since_death":47361,"minecraft:sleep_in_bed":1,"minecraft:climb_one_cm":173,"minecraft:time_since_rest":22133,"minecraft:sprint_one_cm":153803,"minecraft:damage_taken":306,"minecraft:walk_one_cm":97713,"minecraft:drop":5,"minecraft:damage_dealt":1140,"minecraft:swim_one_cm":6029,"minecraft:talked_to_villager":9,"minecraft:fly_one_cm":173271,"minecraft:open_chest":9,"minecraft:crouch_one_cm":3328,"minecraft:sneak_time":2126,"minecraft:walk_under_water_one_cm":10189,"minecraft:boat_one_cm":136759,"minecraft:jump":881,"minecraft:walk_on_water_one_cm":7388,"minecraft:fall_one_cm":21016}},"DataVersion":2586}