{"stats":{"minecraft:broken":{"minecraft:iron_shovel":26,"minecraft:iron_pickaxe":5,"minecraft:stone_shovel":4},"minecraft:used":{"minecraft:cooked_mutton":1,"minecraft:wheat_seeds":6,"minecraft:water_bucket":9,"minecraft:iron_shovel":6734,"minecraft:stone_shovel":528,"minecraft:baked_potato":12,"minecraft:wooden_pickaxe":25,"minecraft:chest":4,"minecraft:cooked_chicken":8,"minecraft:dirt":29,"minecraft:crafting_table":3,"minecraft:carrot":18,"minecraft:granite":7,"minecraft:wooden_axe":5,"minecraft:lava_bucket":1,"minecraft:bricks":1,"minecraft:iron_axe":73,"minecraft:bread":5,"minecraft:iron_pickaxe":1282,"minecraft:bow":4,"minecraft:bucket":10,"minecraft:yellow_bed":1,"minecraft:egg":2,"minecraft:potato":7,"minecraft:smooth_stone":1},"minecraft:picked_up":{"minecraft:wooden_axe":4,"minecraft:crafting_table":1,"minecraft:iron_chestplate":3,"minecraft:wheat":4,"minecraft:feather":5,"minecraft:cooked_beef":5,"minecraft:chicken":6,"minecraft:water_bucket":3,"minecraft:andesite":34,"minecraft:wooden_pickaxe":3,"minecraft:potato":21,"minecraft:flint":2,"minecraft:oak_log":10,"minecraft:dirt":7152,"minecraft:iron_axe":3,"minecraft:iron_leggings":3,"minecraft:cooked_mutton":2,"minecraft:iron_shovel":3,"minecraft:bone":18,"minecraft:beetroot":1,"minecraft:bow":3,"minecraft:wheat_seeds":108,"minecraft:smooth_stone":1,"minecraft:bucket":1,"minecraft:iron_ingot":48,"minecraft:cooked_chicken":10,"minecraft:iron_ore":77,"minecraft:poppy":3,"minecraft:iron_pickaxe":3,"minecraft:oak_planks":89,"minecraft:iron_boots":3,"minecraft:egg":7,"minecraft:stick":16,"minecraft:pumpkin":1,"minecraft:dandelion":2,"minecraft:gravel":11,"minecraft:ink_sac":4,"minecraft:diorite":126,"minecraft:carrot":12,"minecraft:arrow":496,"minecraft:rotten_flesh":20,"minecraft:beetroot_seeds":3,"minecraft:iron_helmet":3,"minecraft:granite":30,"minecraft:bread":13,"minecraft:oak_sapling":4,"minecraft:bricks":1,"minecraft:coal":32,"minecraft:cobblestone":1111},"minecraft:dropped":{"minecraft:wheat_seeds":71,"minecraft:baked_potato":4,"minecraft:cobblestone":52,"minecraft:flint":2,"minecraft:poppy":3,"minecraft:dirt":1595,"minecraft:ink_sac":2,"minecraft:diorite":2,"minecraft:andesite":15,"minecraft:oak_sapling":1},"minecraft:crafted":{"minecraft:oak_planks":40,"minecraft:stone_shovel":4,"minecraft:crafting_table":2,"minecraft:baked_potato":16,"minecraft:wooden_pickaxe":1,"minecraft:cooked_chicken":3,"minecraft:bucket":1,"minecraft:air":0,"minecraft:stick":56,"minecraft:iron_ingot":46,"minecraft:iron_pickaxe":5,"minecraft:wooden_axe":2,"minecraft:chest":4,"minecraft:iron_shovel":27},"minecraft:killed":{"minecraft:iron_golem":2,"minecraft:zombie":5,"minecraft:chicken":5},"minecraft:mined":{"minecraft:cobblestone_stairs":1,"minecraft:crafting_table":1,"minecraft:granite":30,"minecraft:grass_block":2756,"minecraft:tall_grass":22,"minecraft:bricks":1,"minecraft:diorite":107,"minecraft:smooth_stone":1,"minecraft:carrots":4,"minecraft:iron_ore":46,"minecraft:wheat":4,"minecraft:birch_leaves":2,"minecraft:andesite":30,"minecraft:pumpkin":1,"minecraft:grass_path":1,"minecraft:grass":54,"minecraft:oak_log":9,"minecraft:potatoes":5,"minecraft:coal_ore":27,"minecraft:beetroots":1,"minecraft:gravel":13,"minecraft:dirt":4481,"minecraft:stone":1044,"minecraft:oak_leaves":3},"minecraft:custom":{"minecraft:interact_with_furnace":23,"minecraft:mob_kills":12,"minecraft:interact_with_crafting_table":34,"minecraft:play_one_minute":215946,"minecraft:bell_ring":11,"minecraft:leave_game":3,"minecraft:time_since_death":154074,"minecraft:sleep_in_bed":16,"minecraft:climb_one_cm":5121,"minecraft:time_since_rest":10094,"minecraft:sprint_one_cm":653926,"minecraft:damage_taken":1794,"minecraft:walk_one_cm":632023,"minecraft:drop":41,"minecraft:damage_dealt":2450,"minecraft:swim_one_cm":1660,"minecraft:talked_to_villager":7,"minecraft:fly_one_cm":561739,"minecraft:open_chest":42,"minecraft:crouch_one_cm":949,"minecraft:deaths":4,"minecraft:sneak_time":541,"minecraft:walk_under_water_one_cm":8559,"minecraft:jump":2298,"minecraft:walk_on_water_one_cm":9081,"minecraft:fall_one_cm":47370},"minecraft:killed_by":{"minecraft:zombie":3}},"DataVersion":2586}