{"stats":{"minecraft:crafted":{"minecraft:oak_planks":200,"minecraft:cooked_porkchop":6,"minecraft:crafting_table":1,"minecraft:furnace":1,"minecraft:air":0},"minecraft:used":{"minecraft:stone_pickaxe":29,"minecraft:oak_planks":181,"minecraft:bell":1,"minecraft:white_wool":2,"minecraft:dirt":28,"minecraft:mutton":6,"minecraft:crafting_table":1,"minecraft:white_bed":4,"minecraft:stone_axe":132,"minecraft:porkchop":3,"minecraft:furnace":1,"minecraft:cooked_porkchop":6,"minecraft:yellow_bed":3},"minecraft:dropped":{"minecraft:birch_planks":45,"minecraft:crafting_table":2,"minecraft:cooked_porkchop":1,"minecraft:rotten_flesh":3,"minecraft:stick":4,"minecraft:oak_sapling":1,"minecraft:stone_pickaxe":2},"minecraft:broken":{"minecraft:stone_axe":1},"minecraft:mined":{"minecraft:white_bed":4,"minecraft:brewing_stand":1,"minecraft:crafting_table":1,"minecraft:grass_block":39,"minecraft:tall_grass":17,"minecraft:composter":3,"minecraft:oak_planks":6,"minecraft:furnace":1,"minecraft:yellow_bed":4,"minecraft:bell":1,"minecraft:grass":47,"minecraft:coal_ore":15,"minecraft:oak_log":50,"minecraft:dirt":7,"minecraft:stone":8},"minecraft:picked_up":{"minecraft:crafting_table":3,"minecraft:birch_planks":45,"minecraft:oak_log":50,"minecraft:brewing_stand":1,"minecraft:yellow_bed":4,"minecraft:dirt":46,"minecraft:string":2,"minecraft:wheat_seeds":9,"minecraft:bell":1,"minecraft:stone_pickaxe":3,"minecraft:oak_planks":6,"minecraft:furnace":1,"minecraft:stick":6,"minecraft:cooked_porkchop":1,"minecraft:composter":3,"minecraft:dandelion":1,"minecraft:porkchop":9,"minecraft:white_bed":4,"minecraft:spider_eye":2,"minecraft:rotten_flesh":3,"minecraft:stone_axe":1,"minecraft:oak_sapling":3,"minecraft:mutton":6,"minecraft:coal":15,"minecraft:white_wool":4,"minecraft:cobblestone":8},"minecraft:killed":{"minecraft:pig":3,"minecraft:spider":5,"minecraft:sheep":4,"minecraft:zombie":2},"minecraft:custom":{"minecraft:interact_with_furnace":7,"minecraft:mob_kills":14,"minecraft:interact_with_crafting_table":1,"minecraft:interact_with_cartography_table":1,"minecraft:play_one_minute":25204,"minecraft:bell_ring":18,"minecraft:leave_game":2,"minecraft:time_since_death":25204,"minecraft:climb_one_cm":1120,"minecraft:time_since_rest":25204,"minecraft:sprint_one_cm":122670,"minecraft:damage_taken":565,"minecraft:walk_one_cm":77257,"minecraft:drop":12,"minecraft:damage_dealt":1880,"minecraft:swim_one_cm":535,"minecraft:talked_to_villager":1,"minecraft:fly_one_cm":81310,"minecraft:player_kills":1,"minecraft:open_chest":9,"minecraft:crouch_one_cm":8954,"minecraft:sneak_time":1934,"minecraft:walk_under_water_one_cm":39,"minecraft:jump":406,"minecraft:walk_on_water_one_cm":3340,"minecraft:fall_one_cm":11051}},"DataVersion":2586}