{"stats":{"minecraft:broken":{"minecraft:iron_axe":2,"minecraft:stone_axe":6},"minecraft:used":{"minecraft:chest":1,"minecraft:wooden_shovel":45,"minecraft:bell":2,"minecraft:cooked_chicken":1,"minecraft:torch":1,"minecraft:brewing_stand":1,"minecraft:dirt":44,"minecraft:mutton":8,"minecraft:carrot":29,"minecraft:iron_axe":501,"minecraft:furnace":1,"minecraft:cooked_mutton":7,"minecraft:stone_pickaxe":65,"minecraft:oak_planks":181,"minecraft:fletching_table":3,"minecraft:white_wool":2,"minecraft:crafting_table":6,"minecraft:white_bed":4,"minecraft:oak_log":4,"minecraft:apple":6,"minecraft:gravel":33,"minecraft:stone_axe":742,"minecraft:cooked_porkchop":15,"minecraft:porkchop":3,"minecraft:yellow_bed":3},"minecraft:picked_up":{"minecraft:crafting_table":10,"minecraft:iron_chestplate":2,"minecraft:chainmail_boots":1,"minecraft:chicken":1,"minecraft:brewing_stand":1,"minecraft:string":2,"minecraft:iron_leggings":1,"minecraft:wooden_shovel":1,"minecraft:light_gray_wool":2,"minecraft:sugar_cane":4,"minecraft:birch_sapling":11,"minecraft:egg":4,"minecraft:iron_boots":1,"minecraft:furnace":4,"minecraft:stick":661,"minecraft:composter":6,"minecraft:torch":3,"minecraft:porkchop":9,"minecraft:carrot":13,"minecraft:arrow":28,"minecraft:rotten_flesh":49,"minecraft:mutton":14,"minecraft:white_wool":15,"minecraft:cobblestone":23,"minecraft:birch_log":192,"minecraft:leather_chestplate":7,"minecraft:lilac":2,"minecraft:leather":5,"minecraft:birch_planks":45,"minecraft:flint":6,"minecraft:oak_log":969,"minecraft:yellow_bed":5,"minecraft:gunpowder":2,"minecraft:map":4,"minecraft:dirt":105,"minecraft:cooked_mutton":22,"minecraft:bone":8,"minecraft:apple":9,"minecraft:wheat_seeds":21,"minecraft:bell":2,"minecraft:stone_pickaxe":9,"minecraft:iron_ingot":22,"minecraft:oak_planks":152,"minecraft:cooked_porkchop":19,"minecraft:dandelion":1,"minecraft:gravel":95,"minecraft:white_bed":5,"minecraft:spider_eye":2,"minecraft:stone_axe":6,"minecraft:iron_helmet":2,"minecraft:emerald":35,"minecraft:oak_sapling":50,"minecraft:coal":30,"minecraft:black_wool":3},"minecraft:dropped":{"minecraft:birch_planks":45,"minecraft:wheat_seeds":14,"minecraft:lilac":2,"minecraft:crafting_table":2,"minecraft:cooked_porkchop":1,"minecraft:diamond_leggings":1,"minecraft:iron_helmet":1,"minecraft:leather":4,"minecraft:stick":44,"minecraft:dirt":20,"minecraft:map":2,"minecraft:iron_leggings":1,"minecraft:white_wool":5,"minecraft:dandelion":1,"minecraft:bone":7,"minecraft:gravel":16,"minecraft:sugar_cane":4,"minecraft:birch_sapling":2,"minecraft:rotten_flesh":31,"minecraft:light_gray_wool":1,"minecraft:oak_planks":25,"minecraft:iron_boots":1,"minecraft:white_bed":1,"minecraft:leather_chestplate":5,"minecraft:iron_chestplate":1,"minecraft:chainmail_boots":1,"minecraft:oak_sapling":30,"minecraft:diamond_boots":1,"minecraft:arrow":208,"minecraft:bow":1,"minecraft:stone_pickaxe":3,"minecraft:black_wool":2},"minecraft:crafted":{"minecraft:oak_planks":4060,"minecraft:cooked_chicken":1,"minecraft:furnace":1,"minecraft:cooked_mutton":4,"minecraft:diamond_helmet":1,"minecraft:bow":1,"minecraft:iron_boots":4,"minecraft:diamond_leggings":2,"minecraft:iron_axe":3,"minecraft:chest":1,"minecraft:diamond_boots":2,"minecraft:wooden_shovel":1,"minecraft:arrow":192,"minecraft:emerald":284,"minecraft:cooked_porkchop":6,"minecraft:crafting_table":3,"minecraft:iron_helmet":6,"minecraft:fletching_table":3,"minecraft:birch_planks":512,"minecraft:stone_axe":5,"minecraft:air":0,"minecraft:iron_chestplate":1,"minecraft:stick":8964,"minecraft:iron_ingot":2,"minecraft:chainmail_boots":36,"minecraft:iron_leggings":1,"minecraft:diamond_chestplate":1},"minecraft:killed":{"minecraft:spider":5,"minecraft:skeleton":6,"minecraft:chicken":1,"minecraft:pig":3,"minecraft:creeper":1,"minecraft:sheep":8,"minecraft:pillager":1,"minecraft:zombie":14,"minecraft:enderman":1,"minecraft:cow":1},"minecraft:mined":{"minecraft:white_bed":4,"minecraft:brewing_stand":1,"minecraft:grass_block":52,"minecraft:composter":3,"minecraft:furnace":1,"minecraft:carrots":3,"minecraft:bell":2,"minecraft:stone":11,"minecraft:lily_of_the_valley":1,"minecraft:crafting_table":5,"minecraft:poppy":1,"minecraft:cobblestone":12,"minecraft:tall_grass":27,"minecraft:oak_planks":20,"minecraft:birch_log":128,"minecraft:lilac":2,"minecraft:birch_leaves":1,"minecraft:yellow_bed":4,"minecraft:grass":78,"minecraft:oak_log":822,"minecraft:coal_ore":15,"minecraft:gravel":54,"minecraft:dirt":19,"minecraft:oak_leaves":101},"minecraft:custom":{"minecraft:mob_kills":41,"minecraft:interact_with_crafting_table":20,"minecraft:bell_ring":175,"minecraft:leave_game":34,"minecraft:time_since_death":49649,"minecraft:climb_one_cm":12446,"minecraft:sprint_one_cm":593465,"minecraft:walk_one_cm":358275,"minecraft:drop":77,"minecraft:talked_to_villager":76,"minecraft:deaths":4,"minecraft:sneak_time":7600,"minecraft:walk_under_water_one_cm":39,"minecraft:jump":1858,"minecraft:interact_with_brewingstand":1,"minecraft:walk_on_water_one_cm":3340,"minecraft:interact_with_furnace":20,"minecraft:traded_with_villager":349,"minecraft:interact_with_cartography_table":1,"minecraft:play_one_minute":149694,"minecraft:sleep_in_bed":10,"minecraft:time_since_rest":622,"minecraft:damage_taken":3166,"minecraft:damage_dealt":6168,"minecraft:fly_one_cm":398000,"minecraft:swim_one_cm":535,"minecraft:player_kills":1,"minecraft:open_chest":36,"minecraft:crouch_one_cm":22896,"minecraft:fall_one_cm":38724},"minecraft:killed_by":{"minecraft:pillager":1,"minecraft:iron_golem":1,"minecraft:skeleton":1,"minecraft:zombie":1}},"DataVersion":2586}